{
  "baseline": {
    "per_channel_db": [
      3.9773294290703465,
      4.863418319580475,
      3.485512067414391,
      3.74497511971059
    ],
    "average_db": 4.0178087339439505
  },
  "yours": {
    "per_channel_db": [
      9.755077794842665,
      7.599602107036178,
      11.99139937833018,
      6.3212808228160755
    ],
    "average_db": 8.916840025756276
  }
}